customer_id,offer_id,timestamp,redeemed
CUST0000,OFFER001,2023-09-04,0
CUST0001,OFFER015,2023-01-28,1
CUST0001,OFFER014,2024-09-05,0
CUST0001,OFFER008,2024-10-12,0
CUST0002,OFFER043,2023-10-13,0
CUST0003,OFFER005,2023-11-13,0
CUST0003,OFFER037,2023-12-04,1
CUST0003,OFFER027,2023-12-17,0
CUST0003,OFFER002,2024-05-06,0
CUST0003,OFFER001,2023-01-09,0
CUST0004,OFFER013,2024-07-13,1
CUST0005,OFFER032,2024-03-15,0
CUST0005,OFFER038,2023-04-18,1
CUST0006,OFFER035,2023-02-02,1
CUST0007,OFFER045,2024-07-19,0
CUST0007,OFFER041,2024-04-06,0
CUST0008,OFFER026,2023-12-24,1
CUST0008,OFFER014,2023-12-25,1
CUST0008,OFFER028,2023-07-12,1
CUST0008,OFFER037,2024-04-07,1
CUST0008,OFFER017,2023-05-26,0
CUST0009,OFFER048,2024-10-14,1
CUST0010,OFFER044,2023-04-21,1
CUST0010,OFFER027,2023-02-19,0
CUST0011,OFFER017,2024-08-10,1
CUST0011,OFFER009,2024-10-31,1
CUST0011,OFFER013,2023-11-10,1
CUST0012,OFFER006,2024-08-28,1
CUST0012,OFFER005,2023-06-13,0
CUST0012,OFFER024,2024-09-01,0
CUST0013,OFFER022,2023-03-19,0
CUST0014,OFFER038,2023-09-27,1
CUST0014,OFFER016,2023-03-09,1
CUST0014,OFFER002,2024-01-14,0
CUST0015,OFFER034,2024-02-13,1
CUST0015,OFFER007,2024-10-04,1
CUST0015,OFFER024,2024-02-26,1
CUST0015,OFFER005,2024-04-22,1
CUST0016,OFFER018,2023-10-18,0
CUST0016,OFFER040,2024-11-03,1
CUST0016,OFFER039,2024-01-29,0
CUST0016,OFFER023,2024-04-06,1
CUST0016,OFFER036,2024-02-04,1
CUST0017,OFFER045,2023-04-02,0
CUST0017,OFFER004,2023-01-06,1
CUST0018,OFFER042,2023-09-28,1
CUST0019,OFFER049,2024-07-12,1
CUST0019,OFFER018,2023-07-13,1
CUST0020,OFFER014,2024-10-27,0
CUST0021,OFFER024,2024-10-18,0
CUST0022,OFFER029,2024-06-05,1
CUST0022,OFFER040,2024-11-13,0
CUST0022,OFFER023,2024-02-23,0
CUST0023,OFFER023,2023-08-01,0
CUST0023,OFFER022,2023-01-05,1
CUST0024,OFFER042,2024-02-06,1
CUST0024,OFFER017,2024-05-06,1
CUST0025,OFFER038,2024-08-08,1
CUST0026,OFFER034,2023-06-01,1
CUST0026,OFFER046,2024-05-18,1
CUST0027,OFFER010,2023-02-13,1
CUST0027,OFFER029,2023-08-29,0
CUST0028,OFFER017,2023-12-17,0
CUST0028,OFFER040,2024-09-27,1
CUST0028,OFFER044,2024-04-10,1
CUST0028,OFFER035,2024-11-11,0
CUST0029,OFFER043,2024-06-15,0
CUST0029,OFFER020,2023-07-12,1
CUST0030,OFFER014,2023-10-07,1
CUST0031,OFFER020,2024-07-10,1
CUST0032,OFFER017,2023-06-03,1
CUST0032,OFFER004,2023-04-01,1
CUST0032,OFFER013,2023-12-25,1
CUST0032,OFFER036,2023-08-16,0
CUST0033,OFFER013,2023-02-07,1
CUST0033,OFFER041,2024-11-29,0
CUST0033,OFFER031,2024-09-17,1
CUST0034,OFFER041,2023-03-09,1
CUST0034,OFFER029,2024-11-15,0
CUST0034,OFFER009,2024-10-30,0
CUST0034,OFFER016,2024-01-11,1
CUST0035,OFFER015,2024-02-27,1
CUST0035,OFFER047,2024-12-01,1
CUST0036,OFFER034,2023-08-18,1
CUST0036,OFFER016,2023-09-19,0
CUST0036,OFFER047,2023-05-16,1
CUST0036,OFFER037,2024-04-17,1
CUST0036,OFFER027,2024-06-20,1
CUST0037,OFFER025,2024-06-07,0
CUST0037,OFFER023,2023-04-19,0
CUST0037,OFFER014,2023-09-23,0
CUST0037,OFFER008,2024-05-08,1
CUST0037,OFFER032,2024-02-17,1
CUST0038,OFFER005,2024-10-10,1
CUST0038,OFFER048,2023-05-22,1
CUST0038,OFFER003,2023-06-16,1
CUST0038,OFFER007,2023-09-16,1
CUST0039,OFFER040,2023-04-21,1
CUST0039,OFFER010,2024-06-14,1
CUST0040,OFFER038,2024-07-15,1
CUST0040,OFFER004,2023-10-29,0
CUST0040,OFFER024,2023-12-05,1
CUST0040,OFFER029,2023-11-06,1
CUST0041,OFFER016,2023-03-22,1
CUST0041,OFFER035,2024-03-07,1
CUST0041,OFFER000,2023-05-27,0
CUST0041,OFFER043,2024-06-02,0
CUST0041,OFFER046,2024-11-13,1
CUST0042,OFFER043,2023-07-05,0
CUST0043,OFFER048,2023-07-23,1
CUST0043,OFFER017,2024-10-27,1
CUST0043,OFFER049,2023-02-20,1
CUST0043,OFFER041,2024-12-24,1
CUST0043,OFFER021,2023-01-03,1
CUST0044,OFFER018,2024-05-20,1
CUST0045,OFFER010,2024-11-15,1
CUST0045,OFFER029,2023-10-06,1
CUST0045,OFFER000,2023-04-23,1
CUST0045,OFFER046,2024-07-22,1
CUST0046,OFFER032,2024-01-02,0
CUST0046,OFFER048,2024-12-28,0
CUST0046,OFFER011,2024-07-20,1
CUST0047,OFFER006,2023-03-04,1
CUST0047,OFFER040,2023-11-07,0
CUST0047,OFFER019,2023-06-26,1
CUST0047,OFFER032,2023-03-14,0
CUST0047,OFFER038,2023-08-13,1
CUST0048,OFFER009,2023-01-09,1
CUST0048,OFFER023,2024-11-15,0
CUST0049,OFFER034,2024-10-07,0
CUST0049,OFFER049,2023-07-15,1
CUST0050,OFFER000,2023-01-30,0
CUST0050,OFFER038,2023-07-09,1
CUST0050,OFFER020,2023-01-30,1
CUST0050,OFFER031,2024-07-25,0
CUST0050,OFFER001,2024-10-16,1
CUST0051,OFFER023,2023-04-22,0
CUST0052,OFFER015,2023-01-21,1
CUST0052,OFFER003,2024-05-13,0
CUST0052,OFFER036,2024-02-25,0
CUST0053,OFFER005,2024-10-13,1
CUST0054,OFFER004,2024-09-16,0
CUST0054,OFFER048,2024-01-20,1
CUST0054,OFFER034,2023-09-12,0
CUST0054,OFFER049,2023-01-23,1
CUST0055,OFFER008,2023-12-05,1
CUST0055,OFFER042,2024-05-25,1
CUST0056,OFFER035,2024-08-21,1
CUST0056,OFFER010,2024-02-27,1
CUST0056,OFFER016,2024-05-17,1
CUST0056,OFFER033,2023-08-11,0
CUST0057,OFFER027,2023-05-28,1
CUST0057,OFFER013,2023-12-17,1
CUST0057,OFFER034,2024-03-04,0
CUST0057,OFFER048,2024-01-28,1
CUST0057,OFFER046,2024-12-17,0
CUST0058,OFFER045,2024-06-27,1
CUST0058,OFFER019,2023-05-22,1
CUST0059,OFFER042,2024-09-01,1
CUST0059,OFFER041,2023-11-08,0
CUST0059,OFFER023,2024-09-23,1
CUST0059,OFFER028,2023-08-24,1
CUST0060,OFFER028,2023-03-25,1
CUST0060,OFFER007,2024-03-03,0
CUST0060,OFFER015,2023-02-21,1
CUST0060,OFFER014,2024-04-09,1
CUST0060,OFFER004,2024-01-15,0
CUST0061,OFFER001,2024-04-22,0
CUST0061,OFFER037,2023-06-28,1
CUST0061,OFFER035,2024-11-28,1
CUST0062,OFFER037,2023-01-13,0
CUST0062,OFFER014,2023-10-13,1
CUST0063,OFFER004,2023-09-15,1
CUST0064,OFFER014,2024-05-04,1
CUST0065,OFFER002,2024-12-05,0
CUST0066,OFFER004,2023-02-01,1
CUST0066,OFFER032,2023-12-17,0
CUST0066,OFFER015,2024-07-12,1
CUST0067,OFFER042,2024-02-17,0
CUST0067,OFFER031,2023-01-19,1
CUST0067,OFFER013,2024-09-04,1
CUST0068,OFFER008,2023-04-02,1
CUST0068,OFFER046,2024-12-28,1
CUST0068,OFFER036,2024-01-07,1
CUST0068,OFFER030,2023-12-11,1
CUST0068,OFFER015,2023-03-19,1
CUST0069,OFFER026,2023-09-21,1
CUST0069,OFFER012,2024-12-24,0
CUST0069,OFFER006,2024-05-20,1
CUST0069,OFFER042,2024-12-26,1
CUST0070,OFFER022,2024-06-07,1
CUST0070,OFFER027,2023-06-23,1
CUST0070,OFFER026,2024-04-07,1
CUST0070,OFFER029,2024-12-09,1
CUST0071,OFFER043,2023-09-01,0
CUST0072,OFFER003,2023-04-15,0
CUST0073,OFFER046,2023-10-14,0
CUST0073,OFFER021,2023-02-16,1
CUST0073,OFFER006,2023-08-09,1
CUST0073,OFFER015,2024-03-16,0
CUST0074,OFFER012,2023-01-28,1
CUST0074,OFFER034,2024-07-06,1
CUST0075,OFFER008,2024-11-20,0
CUST0075,OFFER027,2023-06-16,0
CUST0075,OFFER011,2023-09-06,1
CUST0075,OFFER017,2023-12-23,1
CUST0076,OFFER015,2024-11-30,1
CUST0076,OFFER004,2023-08-22,1
CUST0076,OFFER028,2024-01-16,1
CUST0076,OFFER035,2023-12-12,0
CUST0077,OFFER003,2023-01-17,0
CUST0078,OFFER000,2024-09-15,1
CUST0078,OFFER005,2024-08-05,1
CUST0078,OFFER048,2023-09-05,1
CUST0078,OFFER015,2024-08-20,1
CUST0078,OFFER010,2023-08-28,1
CUST0079,OFFER031,2023-03-22,1
CUST0079,OFFER030,2024-07-08,0
CUST0079,OFFER013,2023-04-02,0
CUST0079,OFFER025,2023-03-25,1
CUST0080,OFFER010,2023-10-23,1
CUST0081,OFFER000,2023-10-08,1
CUST0081,OFFER024,2023-12-08,0
CUST0081,OFFER016,2023-12-08,1
CUST0081,OFFER029,2024-09-16,0
CUST0082,OFFER027,2024-12-28,1
CUST0082,OFFER044,2024-12-06,1
CUST0082,OFFER046,2023-10-31,0
CUST0083,OFFER042,2024-02-16,1
CUST0083,OFFER045,2024-05-30,1
CUST0083,OFFER031,2023-06-27,1
CUST0083,OFFER009,2023-01-17,0
CUST0083,OFFER012,2023-02-17,1
CUST0084,OFFER013,2024-10-20,1
CUST0084,OFFER003,2023-06-11,0
CUST0084,OFFER037,2024-05-02,1
CUST0085,OFFER003,2024-05-03,0
CUST0085,OFFER047,2023-06-27,0
CUST0085,OFFER020,2024-07-21,1
CUST0085,OFFER037,2023-07-25,0
CUST0085,OFFER030,2023-03-23,1
CUST0086,OFFER033,2023-07-12,1
CUST0086,OFFER010,2023-10-03,0
CUST0086,OFFER003,2024-09-26,0
CUST0086,OFFER032,2024-03-20,1
CUST0086,OFFER005,2024-07-05,1
CUST0087,OFFER004,2023-10-16,1
CUST0087,OFFER038,2024-10-10,1
CUST0088,OFFER043,2024-02-11,1
CUST0089,OFFER025,2024-03-16,1
CUST0089,OFFER007,2024-10-12,1
CUST0090,OFFER015,2024-06-12,1
CUST0090,OFFER037,2024-12-02,1
CUST0090,OFFER038,2023-11-08,1
CUST0090,OFFER002,2023-12-05,1
CUST0090,OFFER039,2024-03-19,0
CUST0091,OFFER026,2023-06-18,1
CUST0092,OFFER036,2023-02-11,1
CUST0092,OFFER033,2023-09-01,1
CUST0092,OFFER020,2024-03-24,0
CUST0092,OFFER016,2024-03-12,1
CUST0092,OFFER013,2024-06-14,1
CUST0093,OFFER015,2023-09-30,1
CUST0093,OFFER016,2023-08-01,1
CUST0093,OFFER025,2023-04-14,0
CUST0094,OFFER042,2024-11-19,0
CUST0094,OFFER041,2023-03-22,1
CUST0095,OFFER029,2024-01-12,0
CUST0095,OFFER020,2024-10-03,1
CUST0095,OFFER048,2023-08-28,1
CUST0096,OFFER000,2023-07-23,0
CUST0097,OFFER039,2024-11-18,1
CUST0097,OFFER036,2023-05-23,0
CUST0097,OFFER006,2024-06-15,0
CUST0097,OFFER004,2024-03-01,1
CUST0098,OFFER013,2023-03-05,1
CUST0098,OFFER032,2023-01-09,0
CUST0098,OFFER016,2024-02-13,1
CUST0098,OFFER008,2024-05-20,1
CUST0098,OFFER022,2023-03-25,0
CUST0099,OFFER015,2024-04-02,1
CUST0100,OFFER018,2023-11-25,1
CUST0100,OFFER010,2024-11-10,1
CUST0100,OFFER028,2023-04-16,1
CUST0101,OFFER045,2023-11-14,1
CUST0101,OFFER019,2023-11-12,0
CUST0101,OFFER039,2024-09-16,1
CUST0101,OFFER041,2023-03-11,1
CUST0101,OFFER033,2024-06-06,0
CUST0102,OFFER042,2024-11-09,1
CUST0103,OFFER019,2024-06-26,1
CUST0103,OFFER042,2024-09-11,1
CUST0103,OFFER006,2023-07-13,0
CUST0103,OFFER008,2024-05-20,1
CUST0103,OFFER016,2024-11-05,0
CUST0104,OFFER006,2024-03-14,1
CUST0105,OFFER009,2024-04-27,1
CUST0105,OFFER017,2023-04-27,1
CUST0105,OFFER018,2024-09-09,1
CUST0105,OFFER038,2024-06-13,1
CUST0105,OFFER013,2024-06-15,1
CUST0106,OFFER013,2024-08-14,1
CUST0106,OFFER043,2024-06-20,1
CUST0106,OFFER040,2023-02-28,1
CUST0107,OFFER032,2024-07-03,1
CUST0107,OFFER031,2023-05-07,1
CUST0107,OFFER016,2024-05-29,0
CUST0108,OFFER005,2024-05-12,1
CUST0109,OFFER017,2024-02-02,1
CUST0109,OFFER002,2023-09-20,0
CUST0109,OFFER000,2024-12-25,0
CUST0109,OFFER021,2023-12-26,1
CUST0110,OFFER040,2024-09-25,1
CUST0110,OFFER016,2024-12-09,1
CUST0111,OFFER047,2024-08-14,1
CUST0111,OFFER028,2024-01-21,0
CUST0112,OFFER045,2023-10-14,1
CUST0112,OFFER027,2023-10-24,0
CUST0112,OFFER035,2024-04-03,0
CUST0112,OFFER000,2024-12-04,1
CUST0112,OFFER007,2023-04-23,0
CUST0113,OFFER044,2023-02-05,0
CUST0114,OFFER034,2023-10-05,0
CUST0114,OFFER002,2024-06-12,1
CUST0115,OFFER037,2023-01-17,1
CUST0115,OFFER035,2024-05-25,0
CUST0115,OFFER009,2024-05-13,1
CUST0116,OFFER008,2023-03-19,0
CUST0116,OFFER002,2023-11-02,1
CUST0116,OFFER019,2023-07-27,0
CUST0116,OFFER023,2023-05-15,1
CUST0117,OFFER022,2024-06-05,0
CUST0118,OFFER043,2023-03-24,0
CUST0118,OFFER015,2024-04-27,1
CUST0119,OFFER022,2024-10-05,1
CUST0120,OFFER026,2023-01-18,1
CUST0120,OFFER039,2023-10-21,1
CUST0120,OFFER047,2024-04-16,1
CUST0120,OFFER009,2024-07-16,1
CUST0120,OFFER015,2023-03-07,0
CUST0121,OFFER011,2024-05-20,0
CUST0121,OFFER026,2023-06-07,1
CUST0122,OFFER011,2023-09-03,1
CUST0123,OFFER026,2023-02-02,1
CUST0123,OFFER042,2023-11-26,1
CUST0123,OFFER047,2023-03-12,1
CUST0124,OFFER017,2024-12-28,1
CUST0124,OFFER010,2023-06-29,1
CUST0125,OFFER024,2024-04-30,1
CUST0126,OFFER030,2023-10-24,1
CUST0127,OFFER012,2023-12-26,0
CUST0127,OFFER029,2024-03-14,1
CUST0128,OFFER019,2024-10-15,0
CUST0128,OFFER014,2023-10-08,0
CUST0128,OFFER001,2024-04-10,1
CUST0129,OFFER025,2023-08-24,1
CUST0129,OFFER021,2023-07-18,1
CUST0130,OFFER004,2023-05-22,1
CUST0130,OFFER049,2024-05-28,1
CUST0130,OFFER017,2023-03-23,1
CUST0131,OFFER041,2023-11-29,1
CUST0131,OFFER032,2024-01-05,0
CUST0131,OFFER025,2023-04-16,0
CUST0132,OFFER021,2023-08-15,0
CUST0132,OFFER001,2024-03-20,1
CUST0132,OFFER007,2023-07-14,1
CUST0132,OFFER016,2023-11-11,1
CUST0132,OFFER011,2023-04-03,1
CUST0133,OFFER016,2023-08-08,0
CUST0133,OFFER002,2024-07-01,1
CUST0133,OFFER006,2023-11-05,1
CUST0133,OFFER038,2024-04-03,0
CUST0133,OFFER027,2023-11-27,1
CUST0134,OFFER046,2024-12-07,0
CUST0134,OFFER020,2024-05-21,0
CUST0134,OFFER027,2023-08-23,0
CUST0135,OFFER032,2023-12-14,1
CUST0135,OFFER007,2023-08-12,1
CUST0135,OFFER024,2023-04-02,1
CUST0135,OFFER036,2024-04-11,0
CUST0135,OFFER012,2024-12-09,0
CUST0136,OFFER002,2023-08-16,1
CUST0136,OFFER045,2023-08-31,0
CUST0136,OFFER027,2024-03-25,1
CUST0137,OFFER033,2024-07-27,1
CUST0138,OFFER043,2023-10-15,1
CUST0138,OFFER046,2024-11-08,1
CUST0138,OFFER047,2023-11-26,1
CUST0138,OFFER042,2024-06-17,1
CUST0138,OFFER012,2024-02-24,0
CUST0139,OFFER027,2023-11-04,1
CUST0139,OFFER004,2023-11-30,1
CUST0139,OFFER042,2023-11-22,0
CUST0140,OFFER039,2024-07-26,1
CUST0140,OFFER020,2023-04-05,1
CUST0140,OFFER042,2023-09-17,1
CUST0141,OFFER046,2023-07-05,0
CUST0142,OFFER032,2023-03-10,0
CUST0142,OFFER019,2024-09-18,1
CUST0142,OFFER042,2023-09-22,1
CUST0143,OFFER020,2024-09-08,0
CUST0143,OFFER025,2024-01-06,1
CUST0143,OFFER044,2023-03-24,0
CUST0143,OFFER018,2023-07-30,0
CUST0144,OFFER008,2023-12-03,1
CUST0144,OFFER012,2024-09-30,1
CUST0144,OFFER026,2023-12-01,1
CUST0144,OFFER042,2023-03-28,0
CUST0144,OFFER024,2024-01-22,0
CUST0145,OFFER039,2024-09-10,1
CUST0145,OFFER036,2023-12-15,0
CUST0146,OFFER025,2024-05-01,0
CUST0146,OFFER035,2023-09-04,1
CUST0146,OFFER000,2024-06-24,0
CUST0147,OFFER018,2023-01-13,0
CUST0147,OFFER013,2023-02-19,1
CUST0147,OFFER027,2024-10-05,0
CUST0148,OFFER038,2023-09-09,0
CUST0148,OFFER041,2023-02-22,1
CUST0148,OFFER020,2023-07-12,1
CUST0148,OFFER029,2023-04-07,0
CUST0148,OFFER028,2023-05-27,1
CUST0149,OFFER043,2024-07-30,1
CUST0149,OFFER013,2024-09-12,1
CUST0149,OFFER032,2023-01-12,0
CUST0149,OFFER030,2023-08-08,1
CUST0150,OFFER042,2024-05-26,1
CUST0150,OFFER005,2023-06-15,1
CUST0151,OFFER032,2024-07-17,1
CUST0151,OFFER042,2023-07-08,0
CUST0151,OFFER040,2024-11-04,1
CUST0152,OFFER021,2024-11-07,1
CUST0152,OFFER005,2023-12-01,1
CUST0152,OFFER048,2024-06-13,0
CUST0152,OFFER015,2023-12-18,1
CUST0152,OFFER043,2023-07-29,1
CUST0153,OFFER014,2024-01-17,1
CUST0153,OFFER012,2023-01-05,1
CUST0153,OFFER009,2023-05-25,0
CUST0154,OFFER002,2024-04-09,1
CUST0155,OFFER030,2023-05-05,0
CUST0155,OFFER039,2023-12-23,1
CUST0156,OFFER029,2024-05-12,1
CUST0157,OFFER040,2023-05-29,1
CUST0157,OFFER036,2024-03-25,1
CUST0157,OFFER012,2023-10-04,0
CUST0157,OFFER045,2023-03-24,0
CUST0158,OFFER031,2024-06-10,1
CUST0158,OFFER025,2024-02-24,1
CUST0158,OFFER015,2024-12-11,1
CUST0158,OFFER009,2024-02-23,1
CUST0159,OFFER048,2024-11-16,1
CUST0160,OFFER049,2023-02-05,1
CUST0161,OFFER014,2023-09-16,1
CUST0161,OFFER011,2023-01-23,1
CUST0161,OFFER044,2024-12-16,1
CUST0161,OFFER033,2024-10-16,1
CUST0162,OFFER003,2023-11-03,0
CUST0162,OFFER035,2024-09-13,0
CUST0162,OFFER015,2024-12-02,1
CUST0162,OFFER007,2023-03-09,1
CUST0163,OFFER008,2024-02-12,0
CUST0163,OFFER029,2023-01-31,0
CUST0163,OFFER042,2023-07-26,1
CUST0163,OFFER033,2024-01-22,1
CUST0164,OFFER038,2024-01-05,1
CUST0164,OFFER020,2023-12-02,1
CUST0164,OFFER048,2023-10-16,1
CUST0164,OFFER028,2023-05-20,1
CUST0164,OFFER039,2023-01-13,0
CUST0165,OFFER027,2024-02-04,0
CUST0165,OFFER035,2024-04-29,1
CUST0165,OFFER028,2023-05-29,1
CUST0165,OFFER010,2023-11-03,1
CUST0165,OFFER047,2024-03-10,1
CUST0166,OFFER028,2024-01-17,1
CUST0166,OFFER016,2023-03-14,1
CUST0166,OFFER048,2024-11-28,1
CUST0166,OFFER015,2024-07-30,0
CUST0167,OFFER049,2024-07-21,0
CUST0167,OFFER033,2024-03-01,1
CUST0167,OFFER031,2023-01-06,1
CUST0168,OFFER017,2024-02-09,1
CUST0168,OFFER028,2024-04-23,1
CUST0169,OFFER045,2023-01-10,0
CUST0170,OFFER015,2023-05-31,1
CUST0170,OFFER017,2023-01-30,0
CUST0170,OFFER021,2024-02-25,1
CUST0171,OFFER034,2023-11-01,1
CUST0171,OFFER005,2023-06-21,1
CUST0171,OFFER008,2023-10-14,0
CUST0172,OFFER014,2023-05-29,1
CUST0172,OFFER024,2023-10-26,1
CUST0173,OFFER045,2024-09-17,1
CUST0173,OFFER013,2023-07-26,1
CUST0174,OFFER026,2023-10-28,0
CUST0175,OFFER021,2024-11-06,1
CUST0175,OFFER034,2023-04-20,0
CUST0175,OFFER029,2023-07-21,1
CUST0175,OFFER026,2023-03-27,1
CUST0176,OFFER013,2024-12-25,1
CUST0177,OFFER024,2024-04-07,1
CUST0177,OFFER049,2023-09-28,1
CUST0177,OFFER037,2023-07-02,0
CUST0177,OFFER044,2023-01-10,1
CUST0178,OFFER048,2023-10-25,1
CUST0179,OFFER024,2023-12-17,1
CUST0179,OFFER030,2024-10-17,1
CUST0179,OFFER000,2023-08-27,1
CUST0179,OFFER022,2024-02-19,0
CUST0179,OFFER019,2024-03-12,1
CUST0180,OFFER026,2023-01-08,1
CUST0180,OFFER034,2023-07-30,1
CUST0180,OFFER047,2024-10-31,0
CUST0180,OFFER038,2023-02-24,1
CUST0181,OFFER031,2024-03-21,1
CUST0181,OFFER014,2023-10-31,1
CUST0182,OFFER027,2024-01-20,1
CUST0182,OFFER031,2023-02-16,0
CUST0182,OFFER001,2023-07-22,0
CUST0183,OFFER021,2023-01-24,0
CUST0183,OFFER042,2023-12-06,1
CUST0183,OFFER043,2023-09-18,1
CUST0183,OFFER025,2023-03-27,0
CUST0184,OFFER029,2024-08-03,0
CUST0184,OFFER008,2024-08-25,1
CUST0185,OFFER034,2023-12-15,1
CUST0185,OFFER001,2024-06-11,0
CUST0185,OFFER025,2024-01-31,0
CUST0185,OFFER037,2024-11-04,1
CUST0185,OFFER036,2024-12-04,0
CUST0186,OFFER005,2023-04-23,1
CUST0187,OFFER008,2023-05-29,1
CUST0187,OFFER029,2024-01-17,1
CUST0187,OFFER011,2023-07-08,1
CUST0187,OFFER003,2024-08-24,1
CUST0188,OFFER024,2023-06-05,1
CUST0188,OFFER020,2024-03-17,0
CUST0188,OFFER013,2024-02-07,1
CUST0189,OFFER020,2024-10-24,1
CUST0189,OFFER021,2024-08-25,1
CUST0189,OFFER048,2024-06-24,1
CUST0189,OFFER024,2024-12-07,1
CUST0190,OFFER048,2023-09-24,1
CUST0190,OFFER026,2024-10-01,1
CUST0190,OFFER016,2023-03-08,1
CUST0191,OFFER030,2024-10-10,1
CUST0192,OFFER047,2023-07-30,1
CUST0193,OFFER003,2024-12-17,0
CUST0193,OFFER022,2023-02-12,0
CUST0193,OFFER014,2024-12-02,1
CUST0193,OFFER041,2024-11-08,1
CUST0193,OFFER004,2023-08-21,0
CUST0194,OFFER048,2023-10-22,1
CUST0195,OFFER015,2023-06-07,1
CUST0196,OFFER001,2023-08-05,1
CUST0196,OFFER039,2024-08-03,1
CUST0197,OFFER015,2024-06-03,1
CUST0197,OFFER008,2024-05-06,1
CUST0198,OFFER042,2023-02-05,0
CUST0198,OFFER007,2023-06-04,1
CUST0198,OFFER036,2024-09-04,0
CUST0198,OFFER013,2024-06-25,1
CUST0199,OFFER044,2023-01-13,1
CUST0199,OFFER016,2024-11-14,1
CUST0199,OFFER049,2023-09-04,0
CUST0199,OFFER023,2024-01-10,1
CUST0200,OFFER038,2024-06-02,0
CUST0200,OFFER047,2024-09-13,1
CUST0201,OFFER049,2023-10-29,0
CUST0202,OFFER019,2023-10-21,1
CUST0202,OFFER006,2023-10-15,1
CUST0203,OFFER001,2024-02-27,1
CUST0203,OFFER019,2023-02-19,1
CUST0203,OFFER036,2024-10-23,0
CUST0203,OFFER043,2023-03-07,1
CUST0203,OFFER024,2024-10-24,1
CUST0204,OFFER045,2023-05-17,1
CUST0204,OFFER012,2024-07-19,1
CUST0204,OFFER004,2023-05-12,1
CUST0204,OFFER037,2024-05-12,1
CUST0205,OFFER006,2023-05-22,1
CUST0205,OFFER044,2024-07-14,1
CUST0206,OFFER043,2023-07-10,1
CUST0206,OFFER038,2024-08-21,1
CUST0206,OFFER007,2023-01-16,1
CUST0207,OFFER002,2023-10-10,0
CUST0207,OFFER022,2024-10-19,0
CUST0207,OFFER034,2023-11-04,1
CUST0207,OFFER027,2023-02-22,1
CUST0207,OFFER042,2024-09-07,1
CUST0208,OFFER004,2023-08-30,1
CUST0208,OFFER032,2024-12-04,1
CUST0208,OFFER041,2023-08-21,0
CUST0209,OFFER000,2023-08-31,1
CUST0209,OFFER026,2024-06-12,0
CUST0209,OFFER031,2023-10-29,0
CUST0210,OFFER027,2023-04-22,0
CUST0211,OFFER040,2023-11-13,1
CUST0211,OFFER029,2024-10-29,1
CUST0211,OFFER045,2024-10-09,1
CUST0212,OFFER027,2023-01-18,0
CUST0212,OFFER011,2023-06-04,0
CUST0213,OFFER041,2023-12-26,1
CUST0213,OFFER017,2024-06-11,0
CUST0213,OFFER039,2023-07-31,1
CUST0213,OFFER034,2023-10-10,0
CUST0213,OFFER049,2023-01-30,0
CUST0214,OFFER029,2024-03-20,0
CUST0214,OFFER027,2024-12-05,1
CUST0214,OFFER046,2024-12-04,1
CUST0214,OFFER037,2023-04-01,0
CUST0215,OFFER020,2024-03-19,1
CUST0215,OFFER015,2024-04-19,0
CUST0215,OFFER005,2024-09-14,1
CUST0216,OFFER028,2023-11-10,0
CUST0216,OFFER015,2024-08-16,1
CUST0216,OFFER048,2023-08-23,1
CUST0217,OFFER036,2024-09-02,0
CUST0217,OFFER039,2023-06-10,1
CUST0217,OFFER042,2024-03-24,1
CUST0217,OFFER024,2023-01-26,1
CUST0218,OFFER001,2023-10-25,1
CUST0218,OFFER031,2024-10-13,1
CUST0218,OFFER020,2024-10-15,0
CUST0219,OFFER031,2023-10-12,0
CUST0219,OFFER013,2023-03-23,1
CUST0220,OFFER016,2023-09-30,1
CUST0220,OFFER021,2024-08-17,0
CUST0220,OFFER017,2023-01-01,1
CUST0221,OFFER044,2023-08-16,1
CUST0221,OFFER017,2024-11-01,0
CUST0221,OFFER035,2024-07-31,1
CUST0221,OFFER000,2024-04-02,1
CUST0221,OFFER033,2023-05-30,1
CUST0222,OFFER005,2023-08-03,0
CUST0222,OFFER015,2023-05-11,1
CUST0223,OFFER031,2024-01-16,1
CUST0223,OFFER035,2023-05-01,0
CUST0223,OFFER048,2024-03-31,0
CUST0223,OFFER015,2024-12-10,1
CUST0224,OFFER041,2023-05-23,1
CUST0224,OFFER045,2023-09-18,1
CUST0224,OFFER031,2023-11-25,1
CUST0224,OFFER028,2023-01-10,1
CUST0225,OFFER005,2023-08-18,1
CUST0226,OFFER014,2024-02-29,1
CUST0226,OFFER025,2023-04-19,1
CUST0226,OFFER044,2023-09-20,1
CUST0227,OFFER019,2024-01-13,1
CUST0227,OFFER042,2023-09-16,0
CUST0228,OFFER023,2024-06-05,1
CUST0228,OFFER030,2024-07-24,1
CUST0228,OFFER035,2024-09-22,1
CUST0228,OFFER033,2024-12-01,1
CUST0228,OFFER022,2023-11-20,1
CUST0229,OFFER047,2024-12-02,1
CUST0229,OFFER035,2024-08-18,0
CUST0229,OFFER021,2023-08-25,1
CUST0229,OFFER022,2023-08-05,1
CUST0230,OFFER017,2024-03-23,1
CUST0230,OFFER019,2024-03-07,0
CUST0230,OFFER016,2023-02-06,1
CUST0230,OFFER014,2023-12-08,1
CUST0231,OFFER046,2023-02-03,0
CUST0232,OFFER020,2023-07-28,1
CUST0232,OFFER007,2023-06-01,0
CUST0233,OFFER048,2023-07-18,1
CUST0233,OFFER044,2023-03-20,0
CUST0233,OFFER011,2023-02-01,1
CUST0233,OFFER012,2024-01-28,1
CUST0233,OFFER013,2023-08-20,1
CUST0234,OFFER017,2023-07-11,1
CUST0234,OFFER046,2023-09-27,1
CUST0234,OFFER037,2023-03-18,0
CUST0234,OFFER048,2023-06-16,1
CUST0235,OFFER038,2023-03-30,1
CUST0235,OFFER018,2023-06-05,1
CUST0235,OFFER006,2023-01-17,1
CUST0235,OFFER012,2023-11-29,1
CUST0235,OFFER014,2023-03-21,0
CUST0236,OFFER011,2023-07-22,1
CUST0236,OFFER019,2023-08-08,0
CUST0236,OFFER000,2023-11-12,0
CUST0237,OFFER008,2024-01-07,1
CUST0237,OFFER017,2024-08-05,0
CUST0237,OFFER002,2023-01-13,0
CUST0237,OFFER003,2023-08-08,1
CUST0237,OFFER035,2023-04-27,1
CUST0238,OFFER044,2023-12-17,0
CUST0238,OFFER008,2023-08-14,1
CUST0238,OFFER040,2023-08-10,0
CUST0239,OFFER006,2024-05-20,0
CUST0239,OFFER000,2023-05-31,0
CUST0239,OFFER036,2024-06-16,0
CUST0239,OFFER018,2023-05-18,1
CUST0240,OFFER030,2024-06-25,1
CUST0240,OFFER028,2023-06-10,1
CUST0240,OFFER021,2023-10-05,0
CUST0240,OFFER011,2024-05-11,0
CUST0241,OFFER016,2024-10-16,1
CUST0242,OFFER007,2024-03-13,1
CUST0242,OFFER004,2023-07-05,0
CUST0242,OFFER025,2024-11-03,1
CUST0242,OFFER031,2023-10-06,1
CUST0243,OFFER036,2023-01-02,0
CUST0244,OFFER009,2023-04-20,1
CUST0245,OFFER036,2024-08-05,1
CUST0245,OFFER019,2024-02-25,0
CUST0246,OFFER015,2023-08-16,0
CUST0247,OFFER035,2024-06-11,1
CUST0248,OFFER038,2023-06-11,0
CUST0248,OFFER039,2024-12-22,0
CUST0248,OFFER014,2024-03-02,0
CUST0248,OFFER049,2024-06-10,0
CUST0249,OFFER024,2024-12-21,0
CUST0249,OFFER028,2024-06-15,1
CUST0249,OFFER019,2023-02-03,1
CUST0249,OFFER037,2024-11-21,0
CUST0249,OFFER027,2024-09-11,1
CUST0250,OFFER036,2024-04-12,0
CUST0250,OFFER039,2023-02-24,0
CUST0250,OFFER003,2023-11-23,0
CUST0251,OFFER047,2024-05-09,1
CUST0251,OFFER006,2024-03-09,1
CUST0251,OFFER048,2023-05-13,0
CUST0251,OFFER013,2023-09-19,0
CUST0251,OFFER040,2023-04-13,1
CUST0252,OFFER016,2024-02-27,0
CUST0252,OFFER042,2023-09-01,1
CUST0253,OFFER010,2024-07-20,1
CUST0254,OFFER011,2023-02-06,0
CUST0254,OFFER035,2024-09-20,1
CUST0255,OFFER010,2023-12-18,0
CUST0256,OFFER026,2024-11-27,1
CUST0257,OFFER044,2023-08-09,0
CUST0257,OFFER038,2024-01-09,1
CUST0257,OFFER030,2023-10-26,1
CUST0257,OFFER018,2024-05-06,1
CUST0258,OFFER014,2023-02-16,0
CUST0259,OFFER045,2023-02-27,1
CUST0259,OFFER018,2023-07-28,1
CUST0259,OFFER044,2023-02-08,1
CUST0260,OFFER004,2024-02-17,0
CUST0260,OFFER043,2023-02-21,1
CUST0260,OFFER014,2023-06-05,1
CUST0260,OFFER016,2023-03-31,0
CUST0261,OFFER042,2023-12-17,0
CUST0261,OFFER012,2023-08-30,1
CUST0261,OFFER027,2023-02-21,1
CUST0261,OFFER007,2024-05-23,0
CUST0261,OFFER034,2024-10-25,1
CUST0262,OFFER041,2023-12-31,1
CUST0262,OFFER009,2023-09-28,1
CUST0263,OFFER009,2023-04-26,0
CUST0263,OFFER004,2024-08-09,1
CUST0263,OFFER003,2023-08-29,0
CUST0264,OFFER019,2023-11-22,1
CUST0264,OFFER038,2023-01-16,1
CUST0265,OFFER018,2024-12-13,0
CUST0265,OFFER028,2023-06-11,0
CUST0265,OFFER007,2024-04-28,0
CUST0265,OFFER029,2023-07-16,0
CUST0265,OFFER044,2023-09-16,1
CUST0266,OFFER044,2024-01-25,0
CUST0266,OFFER025,2024-03-01,1
CUST0266,OFFER017,2023-08-05,1
CUST0267,OFFER034,2023-03-27,0
CUST0267,OFFER031,2023-11-16,1
CUST0267,OFFER028,2024-02-19,1
CUST0267,OFFER005,2023-06-10,1
CUST0267,OFFER038,2024-02-24,0
CUST0268,OFFER027,2024-03-17,1
CUST0269,OFFER038,2024-10-11,0
CUST0269,OFFER016,2023-10-15,1
CUST0269,OFFER001,2024-02-16,1
CUST0270,OFFER014,2023-01-18,1
CUST0271,OFFER037,2024-04-08,0
CUST0271,OFFER001,2024-12-10,1
CUST0271,OFFER048,2024-01-16,0
CUST0271,OFFER043,2024-05-19,1
CUST0271,OFFER017,2024-07-10,0
CUST0272,OFFER002,2023-02-01,0
CUST0272,OFFER048,2023-07-03,0
CUST0272,OFFER011,2024-12-28,1
CUST0272,OFFER030,2023-04-13,1
CUST0272,OFFER033,2024-02-24,1
CUST0273,OFFER017,2023-04-24,0
CUST0273,OFFER011,2023-11-26,1
CUST0273,OFFER037,2023-06-22,1
CUST0273,OFFER027,2024-08-27,0
CUST0274,OFFER005,2024-07-15,1
CUST0274,OFFER030,2024-08-15,0
CUST0274,OFFER022,2024-01-08,0
CUST0274,OFFER026,2023-08-24,1
CUST0275,OFFER020,2023-11-10,0
CUST0275,OFFER042,2024-01-15,1
CUST0275,OFFER006,2024-07-16,1
CUST0276,OFFER021,2024-12-21,1
CUST0276,OFFER026,2024-05-23,1
CUST0277,OFFER018,2023-07-24,1
CUST0277,OFFER042,2023-09-14,0
CUST0277,OFFER025,2024-11-20,1
CUST0277,OFFER048,2023-09-03,1
CUST0278,OFFER002,2023-12-03,1
CUST0278,OFFER029,2023-02-09,1
CUST0278,OFFER005,2024-02-22,1
CUST0278,OFFER020,2023-01-09,0
CUST0278,OFFER016,2024-06-16,0
CUST0279,OFFER007,2023-12-24,1
CUST0279,OFFER049,2023-01-25,1
CUST0279,OFFER025,2024-12-02,1
CUST0280,OFFER000,2024-07-02,1
CUST0280,OFFER042,2023-11-28,0
CUST0280,OFFER034,2024-06-15,1
CUST0280,OFFER029,2023-01-29,1
CUST0280,OFFER026,2023-05-28,1
CUST0281,OFFER012,2023-10-10,1
CUST0282,OFFER023,2024-11-05,1
CUST0282,OFFER039,2024-10-23,1
CUST0282,OFFER048,2024-08-21,1
CUST0282,OFFER031,2024-09-01,1
CUST0282,OFFER040,2024-10-05,0
CUST0283,OFFER048,2024-02-11,1
CUST0283,OFFER003,2023-10-17,0
CUST0283,OFFER013,2024-10-18,1
CUST0283,OFFER017,2023-06-11,1
CUST0284,OFFER008,2024-11-27,1
CUST0284,OFFER018,2024-01-12,1
CUST0284,OFFER028,2023-04-27,1
CUST0284,OFFER044,2024-12-16,1
CUST0284,OFFER031,2023-07-08,0
CUST0285,OFFER001,2024-08-18,1
CUST0286,OFFER015,2023-06-30,1
CUST0286,OFFER045,2023-10-14,1
CUST0286,OFFER010,2024-10-02,1
CUST0286,OFFER019,2023-06-11,1
CUST0286,OFFER035,2023-06-30,1
CUST0287,OFFER035,2023-01-21,0
CUST0288,OFFER005,2023-11-29,1
CUST0288,OFFER014,2024-02-17,0
CUST0288,OFFER007,2024-12-23,1
CUST0288,OFFER029,2023-09-14,1
CUST0289,OFFER041,2024-06-16,1
CUST0290,OFFER031,2023-02-19,1
CUST0290,OFFER045,2024-05-01,1
CUST0291,OFFER032,2023-07-15,1
CUST0291,OFFER045,2024-01-23,0
CUST0291,OFFER017,2024-03-30,0
CUST0292,OFFER030,2024-10-19,1
CUST0292,OFFER015,2023-06-24,0
CUST0292,OFFER029,2024-01-28,1
CUST0292,OFFER035,2023-10-06,1
CUST0293,OFFER024,2023-06-20,1
CUST0293,OFFER012,2024-10-26,1
CUST0294,OFFER032,2023-05-25,0
CUST0294,OFFER047,2023-06-04,1
CUST0294,OFFER008,2023-12-29,1
CUST0294,OFFER004,2024-10-16,0
CUST0294,OFFER017,2024-06-29,1
CUST0295,OFFER021,2023-08-27,1
CUST0295,OFFER032,2024-05-31,1
CUST0295,OFFER017,2024-02-14,1
CUST0295,OFFER000,2023-01-23,1
CUST0296,OFFER046,2023-10-03,0
CUST0296,OFFER019,2024-09-11,1
CUST0296,OFFER037,2024-10-25,0
CUST0297,OFFER042,2023-06-25,1
CUST0297,OFFER031,2023-11-25,0
CUST0297,OFFER009,2024-10-18,1
CUST0297,OFFER028,2023-10-02,1
CUST0297,OFFER034,2023-07-14,1
CUST0298,OFFER022,2024-06-06,1
CUST0298,OFFER021,2023-07-15,0
CUST0298,OFFER035,2023-12-16,1
CUST0298,OFFER048,2024-11-16,0
CUST0299,OFFER024,2023-09-17,1
CUST0299,OFFER029,2024-06-24,0
CUST0299,OFFER020,2023-10-12,0
CUST0299,OFFER012,2024-01-07,0
CUST0299,OFFER044,2023-10-06,0
CUST0300,OFFER036,2023-09-12,1
CUST0300,OFFER024,2024-11-22,1
CUST0301,OFFER049,2024-12-17,1
CUST0301,OFFER026,2023-08-01,0
CUST0302,OFFER020,2023-04-10,1
CUST0303,OFFER045,2023-11-04,1
CUST0303,OFFER024,2024-07-01,0
CUST0303,OFFER042,2023-07-02,0
CUST0303,OFFER041,2023-06-14,1
CUST0304,OFFER031,2024-03-30,1
CUST0304,OFFER002,2024-06-17,1
CUST0305,OFFER032,2023-02-27,0
CUST0305,OFFER037,2024-09-09,0
CUST0306,OFFER006,2024-11-09,0
CUST0306,OFFER028,2024-06-02,1
CUST0306,OFFER033,2023-02-15,1
CUST0307,OFFER000,2024-10-26,1
CUST0307,OFFER046,2023-03-15,1
CUST0307,OFFER009,2024-09-05,1
CUST0307,OFFER026,2024-09-24,0
CUST0308,OFFER004,2023-10-23,1
CUST0308,OFFER030,2023-01-15,0
CUST0309,OFFER021,2024-04-22,0
CUST0309,OFFER039,2024-01-27,1
CUST0309,OFFER044,2024-01-03,1
CUST0310,OFFER041,2024-01-13,0
CUST0310,OFFER005,2024-08-16,1
CUST0310,OFFER021,2023-06-17,1
CUST0310,OFFER043,2023-03-11,1
CUST0311,OFFER024,2023-03-30,0
CUST0311,OFFER020,2023-08-05,0
CUST0311,OFFER040,2024-06-27,0
CUST0311,OFFER045,2023-02-01,0
CUST0311,OFFER048,2023-09-17,0
CUST0312,OFFER034,2023-10-12,1
CUST0312,OFFER002,2024-06-25,0
CUST0312,OFFER039,2024-10-17,1
CUST0312,OFFER004,2024-07-23,1
CUST0313,OFFER040,2023-10-06,0
CUST0313,OFFER043,2024-02-03,1
CUST0314,OFFER014,2024-04-26,0
CUST0314,OFFER047,2023-07-05,1
CUST0314,OFFER005,2023-09-17,1
CUST0315,OFFER006,2024-10-08,1
CUST0315,OFFER048,2024-06-04,1
CUST0315,OFFER040,2023-10-16,0
CUST0315,OFFER045,2024-05-16,1
CUST0316,OFFER028,2024-04-19,1
CUST0317,OFFER044,2024-04-07,1
CUST0317,OFFER019,2023-06-02,1
CUST0318,OFFER002,2023-05-29,1
CUST0319,OFFER003,2023-05-11,1
CUST0319,OFFER018,2024-05-05,1
CUST0319,OFFER022,2024-06-21,1
CUST0320,OFFER027,2024-09-28,1
CUST0320,OFFER009,2023-10-22,0
CUST0320,OFFER015,2023-10-02,0
CUST0321,OFFER026,2024-12-26,1
CUST0321,OFFER036,2024-01-11,1
CUST0321,OFFER043,2023-07-23,0
CUST0321,OFFER011,2023-03-16,1
CUST0321,OFFER010,2023-10-31,1
CUST0322,OFFER005,2023-04-18,1
CUST0322,OFFER039,2023-08-17,0
CUST0323,OFFER039,2023-09-25,1
CUST0323,OFFER043,2023-09-11,0
CUST0323,OFFER015,2023-03-28,1
CUST0323,OFFER031,2024-01-23,1
CUST0324,OFFER009,2024-02-01,0
CUST0324,OFFER014,2024-07-14,1
CUST0324,OFFER029,2023-06-24,1
CUST0324,OFFER040,2023-10-01,1
CUST0324,OFFER016,2024-12-21,0
CUST0325,OFFER016,2024-02-12,1
CUST0325,OFFER042,2024-09-29,1
CUST0325,OFFER000,2023-11-21,0
CUST0325,OFFER029,2023-02-11,0
CUST0326,OFFER043,2023-07-21,1
CUST0326,OFFER034,2023-10-15,1
CUST0326,OFFER010,2024-09-28,0
CUST0327,OFFER028,2023-02-21,1
CUST0328,OFFER037,2023-12-27,1
CUST0328,OFFER019,2023-07-24,1
CUST0328,OFFER040,2024-09-07,0
CUST0329,OFFER044,2024-04-10,1
CUST0329,OFFER016,2024-03-02,1
CUST0329,OFFER029,2024-11-05,0
CUST0329,OFFER019,2024-05-29,0
CUST0330,OFFER024,2024-01-24,1
CUST0330,OFFER030,2023-12-18,1
CUST0331,OFFER015,2024-04-04,0
CUST0332,OFFER036,2024-10-28,1
CUST0332,OFFER022,2023-03-09,0
CUST0332,OFFER018,2023-08-01,1
CUST0332,OFFER044,2023-12-17,1
CUST0333,OFFER001,2023-08-04,1
CUST0333,OFFER042,2023-11-26,1
CUST0333,OFFER025,2024-09-17,1
CUST0334,OFFER000,2024-03-22,1
CUST0334,OFFER036,2023-06-28,1
CUST0334,OFFER043,2023-07-17,1
CUST0335,OFFER038,2023-03-25,1
CUST0336,OFFER018,2024-04-01,1
CUST0336,OFFER049,2023-03-13,1
CUST0336,OFFER014,2023-09-03,1
CUST0336,OFFER038,2024-04-15,1
CUST0337,OFFER014,2023-01-07,1
CUST0337,OFFER040,2024-10-06,1
CUST0337,OFFER012,2023-01-15,0
CUST0338,OFFER016,2024-06-08,1
CUST0338,OFFER043,2023-12-26,0
CUST0338,OFFER048,2023-11-16,1
CUST0338,OFFER046,2023-01-30,1
CUST0338,OFFER049,2023-06-05,1
CUST0339,OFFER040,2024-12-05,0
CUST0339,OFFER006,2023-07-14,1
CUST0340,OFFER019,2024-05-03,1
CUST0341,OFFER002,2024-04-26,1
CUST0341,OFFER037,2024-08-29,0
CUST0341,OFFER023,2023-06-20,0
CUST0341,OFFER046,2024-07-27,0
CUST0342,OFFER005,2023-02-17,1
CUST0342,OFFER018,2024-02-11,0
CUST0343,OFFER047,2024-05-20,0
CUST0343,OFFER026,2023-10-21,1
CUST0343,OFFER011,2023-01-16,0
CUST0344,OFFER008,2023-12-15,1
CUST0344,OFFER034,2023-05-14,1
CUST0345,OFFER033,2024-05-22,1
CUST0345,OFFER032,2024-04-03,1
CUST0345,OFFER017,2024-09-17,1
CUST0346,OFFER016,2023-09-11,1
CUST0346,OFFER030,2024-06-10,1
CUST0347,OFFER047,2024-04-30,1
CUST0347,OFFER021,2023-01-12,0
CUST0347,OFFER007,2023-04-06,1
CUST0348,OFFER004,2024-10-08,1
CUST0348,OFFER009,2023-02-08,0
CUST0348,OFFER048,2023-07-25,0
CUST0348,OFFER014,2024-07-08,1
CUST0349,OFFER035,2024-05-10,1
CUST0349,OFFER023,2023-03-15,1
CUST0349,OFFER005,2024-12-02,0
CUST0349,OFFER025,2024-04-01,1
CUST0350,OFFER016,2024-03-19,1
CUST0351,OFFER007,2024-02-15,1
CUST0351,OFFER029,2024-06-21,1
CUST0351,OFFER023,2024-02-23,1
CUST0351,OFFER043,2024-08-07,1
CUST0351,OFFER047,2024-01-04,1
CUST0352,OFFER037,2024-05-29,0
CUST0352,OFFER024,2024-09-18,1
CUST0352,OFFER040,2023-08-15,0
CUST0353,OFFER006,2023-04-26,1
CUST0353,OFFER043,2023-12-26,1
CUST0353,OFFER014,2023-02-09,1
CUST0354,OFFER001,2023-07-28,1
CUST0354,OFFER039,2023-04-29,1
CUST0354,OFFER035,2024-06-19,1
CUST0354,OFFER020,2024-05-23,1
CUST0355,OFFER014,2023-06-10,1
CUST0355,OFFER041,2024-04-02,1
CUST0355,OFFER004,2023-02-14,1
CUST0355,OFFER040,2023-08-22,0
CUST0355,OFFER029,2023-07-16,1
CUST0356,OFFER041,2024-12-14,0
CUST0356,OFFER026,2024-04-18,1
CUST0356,OFFER007,2024-06-13,1
CUST0357,OFFER002,2023-09-14,1
CUST0357,OFFER019,2024-08-13,0
CUST0358,OFFER007,2023-10-19,0
CUST0358,OFFER006,2023-12-07,0
CUST0358,OFFER015,2024-12-24,0
CUST0358,OFFER034,2023-04-10,1
CUST0359,OFFER024,2023-09-20,0
CUST0359,OFFER029,2024-11-20,1
CUST0360,OFFER042,2023-04-30,0
CUST0360,OFFER047,2023-05-03,0
CUST0360,OFFER044,2024-08-09,1
CUST0361,OFFER026,2023-07-09,1
CUST0361,OFFER037,2024-09-06,1
CUST0361,OFFER047,2023-04-09,1
CUST0361,OFFER046,2023-12-29,0
CUST0361,OFFER009,2024-11-23,1
CUST0362,OFFER041,2024-12-02,1
CUST0362,OFFER006,2024-08-02,1
CUST0362,OFFER031,2024-07-31,1
CUST0362,OFFER039,2024-09-26,0
CUST0363,OFFER017,2023-05-03,0
CUST0363,OFFER002,2023-10-28,1
CUST0363,OFFER044,2023-03-08,1
CUST0363,OFFER023,2024-01-29,1
CUST0364,OFFER028,2024-07-23,1
CUST0364,OFFER015,2024-03-24,1
CUST0365,OFFER006,2023-12-11,1
CUST0365,OFFER043,2023-06-26,0
CUST0365,OFFER023,2023-06-09,1
CUST0366,OFFER041,2024-06-16,0
CUST0366,OFFER022,2023-04-21,1
CUST0366,OFFER003,2023-10-10,1
CUST0366,OFFER025,2024-12-19,1
CUST0366,OFFER017,2023-02-16,1
CUST0367,OFFER007,2023-08-30,1
CUST0367,OFFER029,2024-01-05,1
CUST0368,OFFER042,2023-05-11,1
CUST0369,OFFER041,2023-03-02,1
CUST0369,OFFER040,2023-09-29,0
CUST0370,OFFER001,2023-05-13,1
CUST0370,OFFER003,2024-03-09,1
CUST0370,OFFER021,2024-07-21,1
CUST0370,OFFER015,2024-01-11,0
CUST0370,OFFER008,2024-04-18,1
CUST0371,OFFER013,2024-05-13,1
CUST0371,OFFER004,2024-07-20,1
CUST0371,OFFER048,2024-01-18,1
CUST0371,OFFER035,2024-05-24,1
CUST0371,OFFER037,2024-03-12,1
CUST0372,OFFER014,2023-02-18,0
CUST0372,OFFER021,2023-05-09,0
CUST0373,OFFER038,2024-06-28,0
CUST0373,OFFER000,2024-10-24,0
CUST0374,OFFER009,2023-07-04,1
CUST0374,OFFER008,2024-11-19,1
CUST0374,OFFER034,2024-08-11,1
CUST0375,OFFER011,2023-06-14,1
CUST0375,OFFER007,2024-10-01,0
CUST0375,OFFER042,2024-10-09,1
CUST0376,OFFER008,2024-08-27,1
CUST0377,OFFER022,2023-03-22,1
CUST0378,OFFER037,2024-05-07,0
CUST0378,OFFER020,2024-07-28,1
CUST0379,OFFER011,2024-09-19,0
CUST0380,OFFER003,2023-01-07,1
CUST0380,OFFER008,2024-05-29,1
CUST0380,OFFER047,2024-07-21,1
CUST0381,OFFER033,2024-07-26,1
CUST0381,OFFER007,2023-05-02,1
CUST0381,OFFER047,2024-05-27,1
CUST0381,OFFER004,2023-02-07,1
CUST0382,OFFER028,2023-12-11,1
CUST0382,OFFER049,2024-12-02,1
CUST0382,OFFER023,2023-01-17,1
CUST0382,OFFER032,2023-11-12,1
CUST0383,OFFER006,2024-12-21,0
CUST0383,OFFER028,2024-07-06,1
CUST0383,OFFER032,2024-04-17,1
CUST0383,OFFER014,2024-03-13,1
CUST0383,OFFER039,2023-05-19,0
CUST0384,OFFER046,2023-10-29,0
CUST0385,OFFER019,2024-06-12,0
CUST0385,OFFER029,2023-10-19,1
CUST0385,OFFER041,2024-04-28,1
CUST0385,OFFER001,2023-12-02,0
CUST0385,OFFER003,2024-05-30,0
CUST0386,OFFER025,2024-06-01,1
CUST0386,OFFER027,2024-02-27,1
CUST0386,OFFER043,2023-08-20,0
CUST0386,OFFER006,2023-07-14,0
CUST0387,OFFER045,2024-09-06,1
CUST0387,OFFER028,2024-10-31,0
CUST0387,OFFER004,2023-10-05,1
CUST0387,OFFER005,2024-01-01,0
CUST0388,OFFER038,2024-03-14,0
CUST0388,OFFER009,2024-01-31,1
CUST0388,OFFER004,2024-04-07,0
CUST0389,OFFER017,2024-01-10,0
CUST0389,OFFER039,2023-04-03,1
CUST0390,OFFER035,2023-11-17,1
CUST0390,OFFER045,2023-10-30,1
CUST0390,OFFER020,2024-03-31,1
CUST0390,OFFER024,2024-06-21,1
CUST0390,OFFER038,2023-04-05,0
CUST0391,OFFER018,2023-04-17,1
CUST0391,OFFER029,2024-06-09,0
CUST0391,OFFER032,2024-10-25,1
CUST0391,OFFER038,2024-01-11,1
CUST0391,OFFER027,2023-02-20,1
CUST0392,OFFER044,2024-02-23,1
CUST0393,OFFER041,2023-06-16,1
CUST0394,OFFER046,2023-07-11,0
CUST0394,OFFER013,2023-07-04,1
CUST0394,OFFER027,2024-09-13,1
CUST0394,OFFER028,2024-05-05,1
CUST0394,OFFER014,2024-05-23,0
CUST0395,OFFER021,2024-05-04,1
CUST0395,OFFER029,2023-08-06,0
CUST0395,OFFER025,2023-08-07,1
CUST0395,OFFER026,2024-10-20,0
CUST0396,OFFER020,2024-03-28,0
CUST0397,OFFER020,2024-02-18,1
CUST0397,OFFER042,2024-01-14,1
CUST0397,OFFER016,2024-03-03,1
CUST0397,OFFER023,2023-03-25,1
CUST0398,OFFER043,2023-11-05,1
CUST0398,OFFER030,2023-04-16,0
CUST0399,OFFER005,2024-06-25,1
CUST0400,OFFER005,2024-02-04,1
CUST0401,OFFER006,2024-08-01,1
CUST0401,OFFER047,2023-03-15,1
CUST0401,OFFER023,2024-04-07,0
CUST0401,OFFER008,2024-02-09,1
CUST0402,OFFER003,2023-08-12,1
CUST0402,OFFER037,2023-11-16,0
CUST0402,OFFER035,2024-10-01,0
CUST0402,OFFER021,2023-12-09,1
CUST0402,OFFER042,2023-06-24,0
CUST0403,OFFER026,2023-12-19,1
CUST0404,OFFER042,2023-12-14,0
CUST0404,OFFER048,2023-08-14,0
CUST0404,OFFER027,2023-01-31,0
CUST0405,OFFER018,2023-01-24,1
CUST0406,OFFER019,2023-07-30,0
CUST0406,OFFER022,2023-09-12,1
CUST0406,OFFER006,2024-05-18,1
CUST0406,OFFER036,2023-08-08,1
CUST0406,OFFER032,2024-06-07,1
CUST0407,OFFER009,2024-01-10,0
CUST0407,OFFER042,2023-05-27,1
CUST0408,OFFER014,2023-02-11,0
CUST0408,OFFER006,2024-06-26,1
CUST0408,OFFER022,2023-10-15,0
CUST0408,OFFER035,2024-05-26,1
CUST0409,OFFER007,2023-08-10,1
CUST0409,OFFER048,2024-02-08,1
CUST0409,OFFER017,2023-05-07,1
CUST0410,OFFER014,2023-01-15,1
CUST0410,OFFER027,2023-04-15,1
CUST0410,OFFER035,2023-11-15,0
CUST0410,OFFER049,2023-10-04,0
CUST0410,OFFER039,2023-12-07,1
CUST0411,OFFER043,2024-04-18,1
CUST0411,OFFER041,2024-02-23,1
CUST0411,OFFER035,2024-05-09,1
CUST0411,OFFER001,2023-05-01,1
CUST0411,OFFER038,2023-09-19,1
CUST0412,OFFER001,2024-07-14,1
CUST0412,OFFER011,2024-06-23,0
CUST0412,OFFER017,2024-03-07,1
CUST0413,OFFER021,2023-08-06,0
CUST0413,OFFER022,2023-03-15,0
CUST0413,OFFER000,2024-12-11,1
CUST0414,OFFER009,2023-01-12,1
CUST0414,OFFER036,2024-08-15,1
CUST0415,OFFER004,2023-02-17,0
CUST0415,OFFER009,2024-06-30,1
CUST0415,OFFER047,2023-11-11,1
CUST0415,OFFER040,2023-02-05,1
CUST0416,OFFER005,2024-07-07,1
CUST0417,OFFER013,2023-04-17,1
CUST0417,OFFER024,2023-06-29,1
CUST0417,OFFER026,2024-12-16,1
CUST0417,OFFER029,2023-03-04,1
CUST0417,OFFER021,2023-10-26,0
CUST0418,OFFER023,2024-08-31,0
CUST0418,OFFER019,2024-09-28,1
CUST0419,OFFER049,2023-04-19,0
CUST0419,OFFER036,2023-01-24,1
CUST0419,OFFER038,2023-11-11,1
CUST0420,OFFER003,2023-01-10,1
CUST0421,OFFER010,2024-04-25,1
CUST0421,OFFER048,2024-09-29,1
CUST0422,OFFER003,2023-03-29,1
CUST0422,OFFER043,2024-06-16,0
CUST0422,OFFER005,2024-12-29,1
CUST0422,OFFER017,2023-08-30,1
CUST0422,OFFER028,2023-03-07,1
CUST0423,OFFER031,2024-01-23,0
CUST0423,OFFER038,2023-07-28,1
CUST0423,OFFER028,2023-10-24,1
CUST0423,OFFER026,2024-01-02,0
CUST0424,OFFER013,2024-09-22,1
CUST0424,OFFER048,2024-06-15,0
CUST0424,OFFER032,2024-02-26,1
CUST0425,OFFER022,2023-07-08,0
CUST0426,OFFER007,2023-11-11,1
CUST0426,OFFER018,2024-01-17,1
CUST0426,OFFER043,2023-03-03,1
CUST0426,OFFER037,2023-05-11,0
CUST0427,OFFER033,2024-08-25,0
CUST0427,OFFER042,2024-03-15,1
CUST0427,OFFER019,2024-02-23,1
CUST0427,OFFER002,2023-07-17,1
CUST0428,OFFER025,2023-01-01,1
CUST0428,OFFER038,2023-11-28,1
CUST0429,OFFER000,2024-10-26,1
CUST0430,OFFER019,2023-03-02,1
CUST0430,OFFER013,2024-07-06,1
CUST0431,OFFER048,2024-10-05,1
CUST0431,OFFER016,2023-05-03,1
CUST0432,OFFER020,2024-12-04,1
CUST0432,OFFER007,2024-12-19,0
CUST0432,OFFER000,2024-06-17,1
CUST0433,OFFER047,2023-05-10,1
CUST0433,OFFER027,2024-01-11,1
CUST0433,OFFER011,2024-07-31,1
CUST0433,OFFER008,2024-03-16,1
CUST0434,OFFER034,2024-10-03,0
CUST0434,OFFER045,2024-12-24,1
CUST0434,OFFER014,2024-07-21,1
CUST0434,OFFER032,2024-02-13,1
CUST0435,OFFER042,2024-07-18,0
CUST0435,OFFER022,2024-09-14,0
CUST0435,OFFER004,2024-05-01,1
CUST0435,OFFER025,2023-11-21,1
CUST0435,OFFER047,2024-06-11,0
CUST0436,OFFER027,2024-11-08,1
CUST0437,OFFER029,2024-03-10,1
CUST0438,OFFER020,2024-01-06,0
CUST0439,OFFER027,2023-09-06,1
CUST0439,OFFER036,2024-12-03,0
CUST0439,OFFER025,2023-03-19,0
CUST0439,OFFER045,2023-12-02,0
CUST0439,OFFER040,2024-11-25,1
CUST0440,OFFER018,2023-11-13,0
CUST0440,OFFER007,2023-05-13,1
CUST0440,OFFER025,2024-11-14,1
CUST0440,OFFER001,2023-12-16,1
CUST0441,OFFER010,2024-06-25,1
CUST0441,OFFER039,2024-12-08,0
CUST0441,OFFER029,2024-11-15,1
CUST0442,OFFER005,2023-07-27,1
CUST0442,OFFER027,2023-03-26,1
CUST0442,OFFER006,2024-11-15,1
CUST0443,OFFER027,2024-08-18,0
CUST0443,OFFER037,2023-05-13,1
CUST0444,OFFER033,2023-12-16,1
CUST0444,OFFER005,2023-09-26,1
CUST0444,OFFER025,2024-06-20,1
CUST0444,OFFER019,2023-01-20,0
CUST0445,OFFER014,2024-12-13,1
CUST0445,OFFER021,2024-12-01,0
CUST0445,OFFER049,2023-01-26,1
CUST0446,OFFER004,2024-01-30,1
CUST0446,OFFER032,2024-01-16,0
CUST0447,OFFER033,2023-03-24,0
CUST0448,OFFER012,2024-03-20,1
CUST0448,OFFER049,2024-01-22,0
CUST0448,OFFER022,2024-02-02,0
CUST0448,OFFER046,2024-11-28,1
CUST0448,OFFER041,2024-01-04,1
CUST0449,OFFER015,2024-12-18,1
CUST0449,OFFER006,2024-03-18,0
CUST0450,OFFER016,2024-08-06,1
CUST0450,OFFER012,2023-04-05,1
CUST0451,OFFER038,2023-11-27,1
CUST0451,OFFER009,2023-06-04,1
CUST0452,OFFER011,2024-10-27,1
CUST0453,OFFER029,2023-05-17,1
CUST0453,OFFER048,2023-06-29,0
CUST0453,OFFER036,2023-08-31,1
CUST0453,OFFER037,2024-06-09,0
CUST0454,OFFER043,2024-02-12,1
CUST0454,OFFER036,2024-08-06,1
CUST0454,OFFER041,2023-06-08,1
CUST0454,OFFER040,2024-10-27,1
CUST0455,OFFER020,2023-03-23,1
CUST0455,OFFER040,2023-04-22,1
CUST0455,OFFER009,2024-08-14,1
CUST0455,OFFER028,2023-02-02,1
CUST0455,OFFER004,2023-01-03,1
CUST0456,OFFER028,2023-02-11,1
CUST0456,OFFER040,2024-10-18,1
CUST0456,OFFER019,2023-05-22,0
CUST0456,OFFER017,2023-01-27,1
CUST0457,OFFER003,2023-08-04,1
CUST0457,OFFER022,2024-08-20,1
CUST0457,OFFER032,2024-10-11,0
CUST0457,OFFER004,2023-09-03,0
CUST0457,OFFER019,2023-01-21,1
CUST0458,OFFER028,2024-04-01,0
CUST0458,OFFER002,2023-09-22,0
CUST0458,OFFER003,2023-08-15,1
CUST0458,OFFER023,2024-07-01,1
CUST0459,OFFER004,2023-03-14,1
CUST0459,OFFER041,2023-03-10,1
CUST0459,OFFER005,2023-08-18,1
CUST0460,OFFER038,2024-08-30,1
CUST0460,OFFER032,2023-10-26,0
CUST0460,OFFER024,2023-08-11,0
CUST0460,OFFER029,2023-08-04,1
CUST0460,OFFER037,2023-06-18,1
CUST0461,OFFER047,2024-07-07,1
CUST0461,OFFER002,2024-08-30,0
CUST0461,OFFER028,2024-09-16,1
CUST0461,OFFER036,2023-10-04,1
CUST0461,OFFER041,2024-04-10,1
CUST0462,OFFER020,2023-11-16,0
CUST0462,OFFER038,2023-06-09,1
CUST0463,OFFER032,2024-09-22,1
CUST0463,OFFER009,2023-06-10,0
CUST0463,OFFER003,2023-05-26,1
CUST0463,OFFER028,2024-11-21,0
CUST0464,OFFER021,2023-11-04,1
CUST0465,OFFER032,2024-03-26,1
CUST0466,OFFER002,2024-01-27,1
CUST0466,OFFER015,2024-05-05,1
CUST0467,OFFER028,2024-04-12,1
CUST0467,OFFER033,2023-02-12,0
CUST0467,OFFER039,2024-09-23,1
CUST0467,OFFER010,2024-11-23,1
CUST0468,OFFER023,2023-10-21,1
CUST0468,OFFER018,2024-01-23,1
CUST0468,OFFER024,2024-06-07,0
CUST0469,OFFER049,2023-04-20,0
CUST0469,OFFER021,2023-09-02,1
CUST0469,OFFER043,2023-06-12,0
CUST0469,OFFER038,2024-08-05,0
CUST0470,OFFER040,2024-10-07,1
CUST0471,OFFER004,2024-08-02,0
CUST0471,OFFER021,2023-05-03,1
CUST0471,OFFER006,2023-04-20,1
CUST0472,OFFER043,2023-10-27,1
CUST0472,OFFER024,2023-09-06,1
CUST0472,OFFER018,2023-08-16,1
CUST0472,OFFER016,2024-12-24,1
CUST0472,OFFER046,2023-08-08,1
CUST0473,OFFER009,2024-06-11,1
CUST0473,OFFER021,2023-05-16,1
CUST0473,OFFER005,2023-09-11,1
CUST0473,OFFER037,2023-02-12,1
CUST0473,OFFER042,2024-07-24,1
CUST0474,OFFER022,2024-07-29,1
CUST0474,OFFER019,2023-05-22,1
CUST0475,OFFER008,2023-07-26,1
CUST0475,OFFER038,2023-12-28,0
CUST0475,OFFER045,2024-07-16,1
CUST0475,OFFER005,2024-05-06,0
CUST0476,OFFER035,2023-12-12,0
CUST0476,OFFER024,2024-07-06,1
CUST0476,OFFER041,2024-05-06,0
CUST0477,OFFER008,2024-03-16,1
CUST0477,OFFER042,2024-09-20,0
CUST0477,OFFER044,2024-11-20,1
CUST0478,OFFER005,2024-12-14,1
CUST0478,OFFER041,2024-12-15,1
CUST0478,OFFER042,2024-04-15,1
CUST0478,OFFER027,2023-04-15,1
CUST0478,OFFER032,2024-07-25,1
CUST0479,OFFER001,2024-06-10,1
CUST0479,OFFER023,2024-12-09,0
CUST0479,OFFER019,2023-09-20,1
CUST0480,OFFER013,2023-10-16,1
CUST0480,OFFER021,2024-10-18,1
CUST0481,OFFER012,2023-12-16,1
CUST0481,OFFER014,2024-11-16,1
CUST0481,OFFER008,2023-12-01,1
CUST0481,OFFER009,2024-09-14,0
CUST0482,OFFER018,2024-11-05,1
CUST0483,OFFER032,2023-08-16,0
CUST0484,OFFER047,2023-11-04,1
CUST0484,OFFER033,2023-10-12,1
CUST0484,OFFER002,2023-12-26,1
CUST0484,OFFER042,2023-06-14,1
CUST0484,OFFER021,2023-08-12,0
CUST0485,OFFER008,2023-12-10,0
CUST0485,OFFER038,2023-02-21,0
CUST0485,OFFER024,2024-10-18,1
CUST0485,OFFER009,2023-03-12,1
CUST0485,OFFER010,2023-01-03,1
CUST0486,OFFER044,2023-06-15,1
CUST0486,OFFER049,2024-04-21,1
CUST0487,OFFER010,2023-08-22,0
CUST0487,OFFER046,2024-10-24,1
CUST0487,OFFER028,2024-01-11,1
CUST0487,OFFER002,2023-10-30,1
CUST0487,OFFER026,2024-10-24,1
CUST0488,OFFER043,2023-01-21,1
CUST0488,OFFER046,2024-06-12,1
CUST0488,OFFER015,2023-09-27,1
CUST0489,OFFER039,2024-09-27,1
CUST0489,OFFER018,2023-12-31,1
CUST0489,OFFER048,2024-09-20,1
CUST0489,OFFER047,2024-10-02,1
CUST0490,OFFER014,2023-01-27,1
CUST0490,OFFER034,2023-04-07,1
CUST0490,OFFER015,2024-11-15,0
CUST0490,OFFER019,2023-07-05,0
CUST0491,OFFER012,2023-08-03,1
CUST0491,OFFER023,2023-01-29,1
CUST0491,OFFER043,2023-02-23,1
CUST0491,OFFER036,2023-04-27,1
CUST0492,OFFER029,2023-04-24,1
CUST0492,OFFER049,2024-11-06,1
CUST0492,OFFER018,2023-10-20,0
CUST0492,OFFER024,2023-09-18,0
CUST0493,OFFER033,2024-07-17,1
CUST0493,OFFER026,2024-01-14,1
CUST0493,OFFER010,2023-08-12,1
CUST0493,OFFER012,2024-10-18,1
CUST0493,OFFER038,2024-07-06,0
CUST0494,OFFER016,2024-11-28,1
CUST0494,OFFER003,2024-07-17,1
CUST0495,OFFER023,2023-05-31,0
CUST0495,OFFER035,2024-04-11,1
CUST0495,OFFER006,2024-08-29,1
CUST0495,OFFER045,2023-03-08,1
CUST0496,OFFER007,2023-07-25,1
CUST0496,OFFER018,2024-11-21,1
CUST0496,OFFER005,2023-03-15,1
CUST0496,OFFER048,2024-04-11,1
CUST0496,OFFER010,2023-06-28,1
CUST0497,OFFER028,2023-04-23,0
CUST0497,OFFER032,2023-06-08,1
CUST0497,OFFER009,2023-01-30,1
CUST0498,OFFER005,2024-06-02,0
CUST0498,OFFER014,2023-09-16,1
CUST0498,OFFER028,2024-01-25,1
CUST0498,OFFER022,2023-07-18,1
CUST0499,OFFER026,2024-05-17,0
